0,1,2,3,4,5
0.04416465001772802,0.0,0.09032138119843988,-0.014661095809570954,-0.05938234124355804,0.017340157871398462
0.04438057905785964,0.0,0.09087486355736318,-0.018508277671122893,-0.0668603963355495,0.020765760362435867
0.04467378565947333,0.0,0.09113662134412714,-0.02242641409608628,-0.07409438099219559,0.024495929247514564
0.04476644058987575,0.0,0.09159903745267278,-0.025762789852582617,-0.08094616790082834,0.028764382473689586
0.0449151994935058,0.0,0.09229235611644421,-0.029120550064222678,-0.08800082404103132,0.033913909168497625
0.04497579510556589,0.0,0.09267997381817536,-0.03229995498655569,-0.09463848465908864,0.03793930904346943
0.044912606757949676,0.0,0.09312162443097459,-0.03530501367080774,-0.10008559797934602,0.04190910781023813
0.04473533374040029,0.0,0.09360287910274818,-0.03871979221101962,-0.10490311567605803,0.046698443076282556
0.04428826316808422,0.0,0.09404927029425547,-0.04098671061144843,-0.10908612192814204,0.050607128826518036
0.043742752926462874,0.0,0.09426058328142005,-0.04255945836161337,-0.11239666908636917,0.05310918308485882
0.04327995284948943,0.0,0.09474037109219441,-0.04354547896703997,-0.11453156722755763,0.055871599759048596
0.04298825201471609,0.0,0.09562732819909071,-0.04389062314251987,-0.11591200830762338,0.05944478688725113
0.04273322532266667,0.0,0.09662490825401057,-0.04417512346195076,-0.1172035270374479,0.061639958563268205
0.042743499900307555,0.0,0.09780184519333979,-0.043870231884744815,-0.11722873926072346,0.06365420309336439
0.04270063015467326,0.0,0.09877659077638655,-0.043141391558875315,-0.11703910122083439,0.06494381192773721
0.042686062683132533,0.0,0.0994805372383769,-0.04182460783728397,-0.11604529229358251,0.06416801543980175
0.04266900677707679,0.0,0.09987289465583872,-0.03923352632195548,-0.1147922170942126,0.06313337101201175
0.04256288426270622,0.0,0.09946627514206878,-0.03614561249361738,-0.11283242929833287,0.0620442453394159
0.04266306117723999,0.0,0.09918505705249457,-0.03284296766555428,-0.10969190227353293,0.06148620999509721
0.0427107782516452,0.0,0.0984678947119849,-0.02939409534612021,-0.10455341125790918,0.06034671123178968
0.04291013096918068,0.0,0.09758328405756823,-0.025546618442346125,-0.09840472747558605,0.05923503472601423
0.04311527996317019,0.0,0.0966232040013814,-0.022082644119036227,-0.09062948404884905,0.05768962591939881
0.04338576698927278,0.0,0.09588649320567266,-0.019787102549853733,-0.08225260453336108,0.05592258101052062
0.04358476184412438,0.0,0.0956984887292771,-0.018373655802127912,-0.07480703569264126,0.05339156196598286
0.043718857851229295,0.0,0.09502455633746777,-0.017864661025699807,-0.06818337464980699,0.051211449585624735
0.04382601341185966,0.018222100830862318,0.09440413783675977,-0.0,-0.06279518201915946,0.049393819321422235
0.043996490148238136,0.018402916012271894,0.09425868148757384,-0.0,-0.057912540983856814,0.04707396947891662
0.04415750006840988,0.018423434697110358,0.09473518295692909,-0.0,-0.05420787720330493,0.04280045020189109
0.04429563528414107,0.018377751356602252,0.09549121763109053,-0.0,-0.05096496974903415,0.03750972283624432
0.044153799500747916,0.01804694933311345,0.0953331660403555,-0.0,-0.04866948840843731,0.032636527713324544
0.04411998335927385,0.01781126103488165,0.09531909073085489,-0.0,-0.04809440491860818,0.028485008804888474
0.043956160324255936,0.01743557116222968,0.09505255860688547,-0.0,-0.04845600233292799,0.02449284216085235
0.04397048382387829,0.016906132941413285,0.0953801213719266,-0.0,-0.049316644202264816,0.02004085799252342
0.04414942568812258,0.01654147898718766,0.09571388696594742,-0.0,-0.04994561222759816,0.01600946779041777
0.044258201754982296,0.016173938193076588,0.095997209530719,-0.0,-0.04896952112427671,0.012271899183580464
0.044423185196861156,0.01597138481043538,0.09622603155801526,-0.009279756867033747,-0.04762649010011517,0.0
0.04438406312988227,0.015901402481161328,0.09577682786619637,-0.008181890803210712,-0.045657161772104264,0.0
0.044367055202594645,0.015936884486831115,0.09539229093250583,-0.007241449878480773,-0.04285575993265517,0.0
0.04447654328414765,0.016149086770289808,0.09519482182051697,-0.005706493981875812,-0.04046940934191328,0.0
0.04437311512904636,0.016176886415695375,0.09457077429187857,-0.005248731236470789,-0.037383384849004817,0.0
0.044523197273905975,0.015931294839113146,0.0946122547121979,-0.0,-0.03348393904025094,0.00593924416781167
0.04467448294665045,0.015597785094062263,0.09446797651446413,-0.0,-0.028715952909809456,0.005617548234358726
0.044861874171950776,0.015330582976026458,0.09430939727164267,-0.0,-0.022827748561573994,0.004844098760288594
0.044989490197049446,0.015219595865432221,0.09408661946091987,-0.0,-0.017596333994570987,0.0033795421745393215
0.04501425771567902,0.015123306357969681,0.09399352211721203,-0.0,-0.014056177669337004,0.0015728590892678603
0.044947371892778094,0.015263857662017917,0.09427374972190554,0.0007028132012429255,-0.011048648027212001,-0.0
0.04480531269814107,0.01568074915076358,0.09442692940657388,0.0,-0.008691747655677002,-0.0026846390668037907
0.04449014358058147,0.016183400151401562,0.09459591164472575,0.0,-0.006457273008462596,-0.006883746459633148
0.044180996588653106,0.01679755232323482,0.09532450858831178,0.008062928761881402,-0.0,-0.012329792370383631
0.04361081102574402,0.017478447772522724,0.09541635700047636,0.010959039089199278,-0.0,-0.018026423727697687
0.04346201223287099,0.018133237545055032,0.09550720477598956,0.013332548902534432,-0.0,-0.022866702043554527
0.043230013315931154,0.018316755388025015,0.09560683273405579,0.013628626339820335,-0.0,-0.027161679385845166
0.04315414685257834,0.018131199328924555,0.09579102674862933,0.014048630694828696,-0.0,-0.03032903852413691
0.043230231049178766,0.01812597214947698,0.09606259451816931,0.014015446703936391,-0.0,-0.033980454931805425
0.04327827057319539,0.01820350026350371,0.09627920108233265,0.01330226209447887,-0.0,-0.03807043792781519
0.043200914581631424,0.018273602175327613,0.09657468295318462,0.013125204848226775,-0.0,-0.042431716499871534
0.043061590852513,0.018361670331845745,0.09640733418941154,0.013485813375919952,-0.0,-0.04627182814086667
0.04290238977097581,0.018473708314343713,0.09608803743846282,0.01349850949650667,0.0,-0.04890220770241457
0.04278338768299663,0.01842685109135281,0.09603786971696635,0.013582952794504534,0.0,-0.050450203850252194
0.04290314465217406,0.01848315478603719,0.09590248663441012,0.013680172320484192,0.0,-0.05041027008137019
0.04309665450578471,0.01852025896659902,0.09576256931424891,0.014130904602304248,0.0,-0.049379094578757186
0.04319897561371667,0.018693224329238915,0.09528346404467929,0.015005455184157164,0.0,-0.04920106171634231
0.04326070846751723,0.019033917434474808,0.09501060035379642,0.0,0.0184086852604787,-0.0497972971061956
0.043291686283100074,0.019461294215897464,0.09507117804277464,0.0,0.023658528641583926,-0.05113945546287806
0.04328971653526243,0.0,0.09538772551618323,0.023079248039403255,0.029909884541569107,-0.05276078407128233
0.043266201020087706,0.0,0.09520668177131573,0.026693123541831742,0.036177493426994126,-0.05372822162762129
0.043290240508910435,0.0,0.09485193454789641,0.029987619962376026,0.04200569347044857,-0.054168159662692464
0.04344602283930834,0.0,0.09402688771344454,0.033446769533698635,0.04747247852219229,-0.05383861641015807
0.04357652570127694,0.0,0.09280486909306328,0.036913289596387636,0.05382587911456247,-0.05357423978892061
0.04366777702523296,0.0,0.09113488051624158,0.040804174766144966,0.06087737779807557,-0.053597702241524554
0.043693183903546956,0.0,0.08944806550193704,0.044726009172845214,0.06969478004244932,-0.054899662875722254
0.04371043006517489,0.0,0.08824555253239774,0.04950334290705535,0.07851634874721555,-0.057764381799965916
0.04372834159157756,0.0,0.08725558379571433,0.054544182526205374,0.0874143838022519,-0.06060898460507411
0.04367331804539626,0.0,0.08648591556040765,0.0604554344040663,0.09618034931656375,-0.06322270686054966
0.04355546224043079,0.0,0.08595832067557119,0.06526489120170322,0.10463565076058017,-0.0666068034158236
0.043355532222189616,0.0,0.0854634574377613,0.06903443065989648,0.1125427441394687,-0.06997345386956358
0.04304330310638548,0.0,0.08488441396250002,0.07214401038163393,0.1199736670020666,-0.07258087249702065
0.042769832617188544,0.0,0.08434821096601733,0.0742692327846713,0.1268361390315215,-0.07599399626042982
0.04253701147182004,0.0,0.08405600283047442,0.07584129771528578,0.13194343104791129,-0.07912803270273583
0.04236142953520661,0.0,0.08434845198193651,0.07627986504909304,0.13527464795150132,-0.08253526689586393
0.042255161285447956,0.0,0.0847536678048288,0.07545316529686358,0.13623083803518546,-0.08486779039946026
0.04219408962551349,0.0,0.08518482917889195,0.07394520082401741,0.13575135283857595,-0.08779968427628458
0.04213854343184859,0.0,0.08556091455822207,0.0716390253761355,0.13466941769042837,-0.08975200565193826
0.04193601061570249,0.0,0.08533382401131268,0.06868327310131138,0.1333490039166389,-0.09067572998602924
0.04174261425012233,0.0,0.0850181069015223,0.06438021205563756,0.13138776236338023,-0.09171797642865427
0.041540976919156036,0.0,0.08440523520182568,0.058706878303160806,0.12832683108302323,-0.09168905252757457
0.04142513882843744,0.0,0.08358357933873552,0.05253846423289919,0.12256223813190752,-0.08962920489274842
0.041703874022145454,0.0,0.08292528178224426,0.04612388172864069,0.11408915095485596,-0.08407443360041851
0.04209695665159384,0.0,0.08184483023901168,0.040405231597042304,0.10302128192795229,-0.07642669059687562
0.0423834166554118,0.0,0.0805059151178043,0.0352333896299312,0.09131644387154629,-0.06814609616210657
0.05803552669252279,-0.052067180682128164,-0.014450240758814797,0.0,0.010245517912468912,-0.006172335316711865
0.058039328425975104,-0.05210548749163359,-0.014591907635123363,0.0,0.008050693968945134,-0.005277148572201051
0.05803655387425117,-0.05212006867453617,-0.014763296429305111,0.0,0.0060072465389358,-0.00454039826282834
0.058076390599554495,-0.0520629722739822,-0.014977920661925088,0.0,0.0042885939867231895,-0.003905081122772251
0.05810073183111259,-0.05201080412646133,-0.015086231794353665,0.0,0.002688400349461929,-0.0037592436242543286
0.05816190804383837,-0.05198068984515608,-0.015234815231919671,0.0013856398376315842,0.0,-0.003535641296116928
0.05817421260315446,-0.05201488104689122,-0.015271588522560836,0.0011917035653633504,0.0,-0.0035104234981893512
0.05815762827147502,-0.05204476157926597,-0.015417428118479152,0.0008429751670616333,-0.0,-0.004099330519574742
0.058161631190690316,-0.05206822800425187,-0.01553092658591845,0.00046236887868009657,-0.0,-0.004109168262951911
0.05815820837378339,-0.0520438479302486,-0.015444905111298078,-0.0,-0.0004961944265453154,-0.003984159276865768
0.05815539645888366,-0.051945092351903886,-0.015350090290564609,-0.0009462859561621279,-0.0,-0.0038540019958161306
0.0582168789743406,-0.0518496634648942,-0.01554871013676318,-0.0015268390553863078,-0.0,-0.0031958537715955013
0.05825674995065397,-0.051761631788869784,-0.01581538963687122,-0.0018537152975525613,-0.0,-0.002563853411149546
0.05824936472846438,-0.05172433456281893,-0.016101243948836844,-0.0019649389414373346,-0.0,-0.0022932191673041558
0.058264203225637606,-0.051694316584357296,-0.01642045587610982,-0.002012102895439822,-0.0,-0.001989346411765628
0.0582702702266199,-0.0516854041048754,-0.016523438983092022,-0.0,-0.001747090500114131,-0.002171974578719927
0.05825962653706155,-0.05167605343966556,-0.016490506789819965,-0.0,-0.0022238050782325447,-0.0021953524009047033
0.058237654925048066,-0.05172639498261243,-0.01622318712570355,-0.0,-0.0024639669614045325,-0.002245275500348406
0.0582276410355702,-0.05176082545598138,-0.016027226505571743,-0.0,-0.002717033818309011,-0.0023586773604354788
0.0582393138156375,-0.05172285944809512,-0.01592253917877135,-0.0,-0.0030277440504303268,-0.0024791546819355526
0.05824433310183506,-0.05172916138075137,-0.015745866765592344,-0.0,-0.0030192079757825133,-0.0023257680321568993
0.05824769127360775,-0.05175427918437525,-0.0156294864129325,-0.0,-0.003438421065768178,-0.001787157057515139
0.058246125846398565,-0.05173919097470652,-0.015553596465137709,-0.0,-0.003974720323268556,-0.001502685427359894
0.05828568217858422,-0.05168536757808101,-0.015464428276325992,-0.0,-0.004331133499212832,-0.0013575857353804992
0.05827301253053064,-0.05166336511398167,-0.015303268299781564,-0.0,-0.004873614783534327,-0.0015807404920144502
0.058285709490668906,-0.051628937555609024,-0.015144839842212415,-0.0,-0.005068447820133699,-0.0018450285931533744
0.058314804599210505,-0.05156147475384941,-0.015097925094072597,-0.0,-0.005047991149700948,-0.002030701994940829
0.05831946169508924,-0.051481014015734426,-0.01513880806687084,-0.0,-0.005029909564753317,-0.002302198792731189
0.05834420661761509,-0.05138412753105618,-0.01526444113174237,-0.0,-0.004840839903794528,-0.002494314295720123
0.05836160480611358,-0.05133697203069661,-0.01547516475302372,-0.0,-0.0049863969508948626,-0.002280288723081603
0.05839334825467836,-0.05131490865058545,-0.015573791592274608,-0.0,-0.0049930701481612555,-0.0017747930663685027
0.058407266108446966,-0.05125480284097832,-0.015627000830051987,-0.0018211442087590047,-0.004714828804884985,-0.0
0.05839840621868664,-0.05114042009325398,-0.015675492732149517,-0.0019004068052109098,-0.004782536184187931,-0.0
0.058405756673155264,-0.05102842481327313,-0.015710112336063224,-0.0017924896412806624,-0.00432031610417793,-0.0
0.058396507888227527,-0.05093598916785888,-0.015678286893384706,-0.0018099296663462439,-0.0039172598441222515,-0.0
0.05838626252918824,-0.05094270919617522,-0.01572969756726208,-0.0016711738330887902,-0.0038490115357675153,-0.0
0.058406185259478875,-0.05095949307695817,-0.015799662376775856,-0.001340745984803808,-0.0038819766432390446,-0.0
0.05839075120663594,-0.05094209252807388,-0.015725373664219902,-0.001086521580478537,-0.004513919124828988,-0.0
0.05838126329280305,-0.05094112514578888,-0.01565539066289088,-0.0008852509227326837,-0.004893712033191233,-0.0
0.05836263633588973,-0.05094082164392027,-0.015702239119865204,-0.0007162599073447932,-0.005393285268239825,-0.0
0.058364473094570796,-0.05093558278725902,-0.01581338870495843,-0.0,-0.005602198125133428,-0.0008009253023961791
0.05837706923864,-0.05097217445094281,-0.016072375624564293,-0.0,-0.005718260318635666,-0.0011325834029805458
0.05836164668133295,-0.05096422789012528,-0.016353465925335257,-0.0,-0.0056648829143841235,-0.0015500539460404845
0.05834048724665997,-0.05105384108312024,-0.01656582100190049,-0.0,-0.0054320670736947765,-0.0017001356248485576
0.058318077771817516,-0.05118302632980169,-0.01670184606258884,-0.0,-0.004985028429751273,-0.0014773036459391508
0.058298203435585914,-0.051242738507970245,-0.016773467431970255,-0.0,-0.004262457478584449,-0.0011099369756911344
0.05828496236711509,-0.05124826622971736,-0.01682076373317794,-0.0,-0.003352547193934031,-0.0008691563779663484
0.058274686772363284,-0.0511906667391217,-0.01681475554179945,-0.0,-0.0025238387730108854,-0.0010522106871299263
0.05825860597703392,-0.05114646775140754,-0.016733769336066573,-0.0,-0.001843708211874105,-0.0011560553698765966
0.05822983139561601,-0.05121760812651112,-0.016733704683488414,-0.0013946703772212935,-0.0014983343047226068,-0.0
0.0581987228442502,-0.05127811429407666,-0.016696749602753035,-0.0016705618089299169,-0.001697285938365319,-0.0
0.05822393050779516,-0.051083895238413404,-0.016363012253606167,-0.001563314675204345,-0.0017901763235205247,-0.0
0.05823767782666691,-0.05079333350021938,-0.01607192505918177,-0.0014068495117951446,-0.002008146305593975,0.0
0.058253815916650714,-0.05084246677159974,-0.016785474479206162,-0.0015601084104451169,-0.0022550536021993237,0.0
0.05825192860106657,-0.05093675458735322,-0.017342806552987474,-0.001484373226949995,-0.002573652180388221,0.0
0.058292855788563705,-0.05091869291982244,-0.017610586954697804,-0.0016666232134366044,-0.002409488517748823,0.0
0.058283947376694706,-0.050904871819639534,-0.017711665018342735,-0.0017095776340965982,-0.002181207238011274,0.0
0.05823941281277887,-0.05089239177229513,-0.01741334103576546,-0.001731552815459809,-0.002060776989992604,0.0
0.05823741965780534,-0.05084509967636795,-0.017254009373965158,-0.0,-0.0018945404521110195,0.0018504032252709742
0.058244591210209695,-0.050764607343097914,-0.017228913000378255,-0.0,-0.0017351071517715793,0.0019867204491769083
0.058236284775360164,-0.050626210539894356,-0.017327829446480793,-0.0,-0.0012722744938040529,0.0019356796263855166
0.058228862264344615,-0.05059640068491197,-0.017536404190098963,-0.0012437276165580538,-0.0,0.002113461937686212
0.0582266473391479,-0.050595370596692696,-0.017612777736456104,-0.0011720290807794797,-0.0,0.0020602349652474186
0.05822121089164471,-0.05059813733097494,-0.017491776460825323,-0.0012404305301406795,-0.0,0.0014667068351219168
0.058236144583547284,-0.0505912974755154,-0.017278479728589327,-0.0012630770501677495,0.0,0.0013437745331611503
0.05827529909631861,-0.05056152809443961,-0.017077150320332704,-0.001380221347529196,0.0,0.0011179290167296835
0.05830482579719119,-0.05053337361027153,-0.016972396361811665,-0.0014684093210053854,0.0,0.0009433692818555814
0.05833394214213213,-0.05047807561646435,-0.01692495961472262,-0.0012642869485412574,-0.0,0.000813863446389033
0.058360835653464074,-0.050444073481341396,-0.01701074654470955,-0.0013501923428940956,0.0,0.0006026864571729806
0.05835686611466698,-0.050454479262598516,-0.017154843713435175,-0.001242191281566414,0.0,0.0009252795051568681
0.058332857254528685,-0.05044603802001301,-0.017428185604717605,-0.001323010411802669,0.0,0.0010395498019614405
0.0583132354346652,-0.050432604567373134,-0.017693239792154602,-0.001581260273507285,0.0,0.0007383507641601038
0.058283832868879976,-0.05046013710748269,-0.01793780027728796,-0.0015462419196258753,0.0,0.0005602822759136915
0.05828121373839001,-0.050467083339866846,-0.017982192073977825,-0.001318432026034246,0.00020815930322013476,-0.0
0.058305244136028396,-0.05052159369170155,-0.01787958028550673,-0.001016982794650225,0.0,-0.0007729069889410668
0.058337507677183584,-0.05051426250690069,-0.017926872669227184,-0.0008813362759361483,0.0,-0.0014163691133203852
0.05830094323767155,-0.05056106956833946,-0.017826889385969068,-0.0,0.0005937191380101811,-0.001974218101679663
0.058254517275646206,-0.0505755021196627,-0.017787012107411147,-0.0006459280693829182,0.0,-0.002341444123385998
0.0582086055927193,-0.050596982681539546,-0.017937884682570737,-0.00044930067453455877,0.0,-0.0026554334271284654
0.058186457909080176,-0.05052331117561581,-0.017964121622904842,-0.0,0.00039865720001894104,-0.002310295229486584
0.05815515272780779,-0.05042304949904044,-0.017951056134785957,0.0,0.0007412344021955774,-0.0023633444284388975
0.05816084895132067,-0.050303407482158495,-0.017976175551051066,0.0,0.0007584831607575569,-0.0024365418973813255
0.058215487153627676,-0.05020571288878949,-0.017920615813111322,0.0003606203970175113,0.0,-0.0023053358309989
0.058254686951581675,-0.05018507047620444,-0.01800991013805065,0.0,0.0002979793947987992,-0.0017956316627303875
0.05828913286118915,-0.050150086026970325,-0.0182207838233227,-0.0,0.0006598167378884909,-0.001078055622212489
0.058300803529991424,-0.05014969550060951,-0.018477484839951742,-0.0,0.0011397772737369537,-0.0006421200577842527
0.05826675976386589,-0.050157272128199884,-0.018799026683883648,-0.0,0.0014112642648483917,-0.00048573152617336225
0.05822951967692812,-0.050051544491148105,-0.018990345344775606,-0.0006932798039445313,0.0015424155799655405,-0.0
0.05824052540098033,-0.04996463430152998,-0.019141757422050563,-0.0009142141303703379,0.001564971702422005,-0.0
0.05826392515958231,-0.04983805799753318,-0.019246459728887902,-0.0012513347603988704,0.001576320815971245,0.0
0.058303404806018914,-0.04976109223614331,-0.019197743421238058,-0.001085537782477801,0.0020569574033131696,0.0
0.05833432350320631,-0.0496846065945504,-0.019150929838872392,-0.0007758832910311464,0.0027052422156010076,-0.0
0.058269261936583695,-0.049639766238443586,-0.01908509880305912,-0.0,0.0031160893253590906,-0.0005918063567890717
0.05825326546655195,-0.049707041201735705,-0.019038031555076926,-0.0,0.0033524388728834865,-0.0007567654254382204
0.058192614167757374,-0.04967662060413922,-0.019059326583238514,-0.0,0.00339425764130161,-0.0010731782042787772
0.058123357597000345,-0.049884242536535964,-0.01942264160623106,-0.0,0.0032386466273385426,-0.0009263609348254871
0.05806756788240727,-0.050033838680644836,-0.01976352726413906,-0.0011244620292022195,0.0035381378314098466,-0.0
0.05806510664561332,-0.04986530519830575,-0.019900431293682828,-0.001660276582496391,0.0037969121558111985,-0.0
0.05807690523811856,-0.04977876254698695,-0.019865981375924602,-0.0020446919488480105,0.004142563914272156,-0.0
0.05810942087910178,-0.04969805544916248,-0.019711600391912002,-0.002223263401010121,0.004166190823792143,-0.0
0.05812997644087935,-0.049612616687498334,-0.019492396601664186,-0.0023461040579968594,0.003882853876214691,-0.0
0.05815555126518176,-0.049649987380905,-0.019348979155881074,-0.0,0.003310243251720142,-0.0023660925816516945
0.058166544394880115,-0.049646648227210544,-0.01924349914834874,-0.0,0.0027528170087660325,-0.00229703889681898
0.058181504666560434,-0.049607219158915285,-0.019147681332033848,-0.0,0.0021584228122212483,-0.0021722940199369978
0.05813670180871459,-0.049506770081548544,-0.019251376741884093,-0.0,0.00183034728926057,-0.0020277406458559777
0.05809956830194806,-0.04954804726875135,-0.01924039281777994,-0.0,0.0019304106866779446,-0.0013097266885391877
0.05805158429238608,-0.049533622064863725,-0.01915601213300057,-0.0006285193718180398,0.001979424265042794,-0.0
0.05806376553020898,-0.04955829325550265,-0.01899382631488275,-0.0012249472031303744,0.002533959560363419,0.0
0.05805767224998029,-0.049613028530967315,-0.01876378293233112,-0.0018620717877017821,0.0029792442625826377,0.0
0.058090922119950816,-0.04959777798841987,-0.018803600716732562,-0.0022120283710271404,0.00340586546712711,0.0
0.058045548754801786,-0.04962600756563661,-0.01873168876917442,-0.002177108965360049,0.003596651753710443,0.0
0.0580673467074542,-0.04950269211307663,-0.018882126719161604,-0.0024926221163362925,0.003791970094513933,0.0
0.0580846558360894,-0.04945505994123672,-0.018887037261438505,-0.0025222683486820184,0.003833173999147377,0.0
0.058058427387631915,-0.049361963003730344,-0.018825119962169058,-0.002581543011921255,0.0034847521586215758,0.0
0.05811562183260489,-0.04928109349636795,-0.01874910017250198,-0.0023650233317684074,0.0034147182261980292,0.0
0.05810937709708324,-0.04927062553378974,-0.01872278809430921,-0.002294837815955845,0.0030880725804543056,0.0
0.058144582015431726,-0.04930245301491678,-0.018603035200827612,-0.0021037861251295554,0.002567717696528121,-0.0
0.058113777733059965,-0.049337343633032056,-0.018540297780517596,-0.0023218763740333625,0.002356215250387067,-0.0
0.05808534444254936,-0.04933565649523671,-0.01870098383869631,-0.0027261138321911845,0.0023782451379353226,-0.0
0.058028923174084895,-0.0492876023273515,-0.018691049422479497,-0.002770708899995249,0.0028092284991377693,-0.0
0.057980389593692186,-0.04931882147796226,-0.01871568494752375,-0.0028599415108033596,0.0034521301935989427,-0.0
0.05790570441684179,-0.04926525862150608,-0.01889275427647686,-0.002843917518699593,0.0035703774843860105,-0.0
0.057862501056389015,-0.04920093139755823,-0.019057638138115778,-0.002415366130492576,0.0034827860705717935,-0.0
0.05786029764568117,-0.04909658489237667,-0.01912179173709391,-0.0021610212320573616,0.0030205862560892666,-0.0
0.05784097722762175,-0.049032623278760824,-0.01919157231309548,-0.0024620813319785415,0.0022341848595858914,-0.0
0.05785459302665022,-0.04905067213384619,-0.01919537618975686,-0.002669632491441275,0.0017602791189067813,-0.0
0.057876883539472235,-0.04905618231992724,-0.019120886857971343,-0.0025604699437536526,0.0015429027576866106,-0.0
0.0579060886673593,-0.049020258844422834,-0.01906262242330739,-0.002528460461204603,0.001575710890608488,-0.0
0.05791847159737016,-0.04895258170177981,-0.01897768427377899,-0.0024286291167841486,0.0,-0.0015373991999706965
0.05793126760885983,-0.048964743461791374,-0.01901404318818876,-0.0024607836491974035,0.0,-0.002272722717321845
0.05794628315404722,-0.04899304865442719,-0.018945625536854867,-0.002837308922190309,0.0,-0.0034616499679182987
0.05796279642502639,-0.04906873150101237,-0.018946588790752745,-0.003083820550731803,0.0,-0.0040472593733851345
0.05797316471539194,-0.04908602712202287,-0.01890854036786612,-0.002894753581131496,0.0,-0.004297920112489491
0.058027395769571895,-0.049083415647639066,-0.018994477431379907,-0.002952843757169791,0.0,-0.0041186849041182465
0.05807060410233703,-0.04904128150196287,-0.019071005735746393,-0.0029142501878512573,0.0,-0.004309633935265646
0.058107362276547614,-0.04891830870627595,-0.019281265834092193,-0.00333885467760449,0.0,-0.0040857728074414216
0.058117263771734824,-0.04889269886035352,-0.019432731709999866,-0.003927689766172447,0.0,-0.004101881332025076
0.05809555151158521,-0.048919167558770446,-0.019443263369632008,-0.004190435655022331,0.0,-0.004284477570043631
0.0580779945261308,-0.048895437090829635,-0.019307278278227605,-0.004470946704190663,0.0,-0.004387210772350487
0.05808624916684384,-0.04884636452022441,-0.019290486467603316,-0.004181538387669493,0.0,-0.003959337406427897
0.05805823535873744,-0.048772818857964084,-0.01919896413926442,-0.004146671439433391,0.0,-0.0034255274855278617
0.058122788862532485,-0.04859521378433992,-0.019256541363204753,-0.004460409236255179,0.002708085702127885,-0.0
0.058084591345554326,-0.048424515864964046,-0.01929678784244915,-0.005038976421003963,0.0027249056630127594,-0.0
0.05810783945333553,-0.04829648384061878,-0.019411549140554072,-0.005139381878575475,0.0030966523252665963,-0.0
0.058071894110219895,-0.048120112763362595,-0.019517953297160214,-0.004574832649967388,0.0035392957352262753,0.0
0.05806682034721374,-0.047930391954725385,-0.0195159302231893,-0.0037375517372558935,0.003709629888099947,0.0
0.05809431855421724,-0.04765478751437757,-0.01956118807717634,-0.0030165990352752224,0.003764723794189886,0.0
0.058117760490532654,-0.04739807201748146,-0.01961209827665001,-0.002845114491111328,0.0038701703409878534,0.0
0.05810287768339083,-0.047215057830548995,-0.01972776549198405,-0.0,0.003623351144361198,0.003410032960192957
0.05804184832123335,-0.04723270274372821,-0.019716546503962526,-0.0,0.003811482853482617,0.00417264201411096
0.05799167127971833,-0.04725193885736359,-0.019713000437852138,-0.0,0.004184682072710287,0.005184495181679607
0.05791917382861471,-0.04724651996067649,-0.019652416840622897,-0.0,0.0044553435102689925,0.005904522151553993
0.05787800042151664,-0.047125631460514184,-0.01958249047818341,-0.0,0.004793766634029424,0.006674677139875321
0.0578751622326481,-0.04714477033110727,-0.01961103215719356,-0.0,0.005035847731797854,0.007357282169095191
0.05779395174384323,-0.04724622029266718,-0.019604384199011587,-0.0,0.005336013566446084,0.007641917469860243
0.05766730634422416,-0.04719858405733738,-0.01949850288438106,-0.0,0.006355495810812041,0.008155062862267826
0.05765184241093678,-0.047142454430608945,-0.01957125210857123,-0.0,0.007204917786537644,0.009147853068275228
0.05764729619340278,-0.04690406703496233,-0.019606259112200253,0.0,0.00766742349756378,0.009916119446506944
0.05763123637500353,-0.04669148992921771,-0.019754077114425388,0.0,0.007667179715292229,0.010627586799644899
0.057532609323600284,-0.046878889342733904,-0.019498322878939614,-0.0,0.008020367517166402,0.01141194118357557
0.057355188226526244,-0.047023609873447544,-0.019104888360856834,-0.0,0.00827743080944527,0.012781954836736928
0.03968417112381288,0.05450626334852791,-0.0,-0.05523336432936105,0.03453591776356768,0.07965592277402504
0.03940287741669375,0.05505323352409511,-0.0,-0.05977462489950809,0.03757423566854693,0.08621703887682017
0.039420512047875986,0.05513431159466724,-0.0,-0.06362021456842719,0.04041159236448889,0.09199926394571246
0.0397266436276701,0.05491902763920948,-0.0,-0.06667800134210593,0.042672341899368915,0.09573262899889814
0.04016552219312118,0.05457756183033485,-0.0,-0.06927656103770014,0.04450517716615374,0.09809636296489178
0.040661847003537394,0.05476192367463685,-0.0,-0.07406089457278006,0.0480585398928452,0.0958768253575993
0.04093897250433878,0.05516477414342574,-0.0,-0.07913762165316593,0.05190695821408152,0.09377356024813681
0.04092094605805167,0.055574514659691994,-0.0,-0.08257131426418049,0.054725187368631946,0.0915179915664659
0.04104554223879427,0.05605941351113536,-0.0,-0.08486900464930405,0.05797709380015117,0.0884431493517154
0.04109257829550112,0.05621354138899573,-0.0,-0.08609847095372601,0.059415049032990254,0.08661510710675015
0.04123737487745331,0.055855772396107395,-0.0,-0.08711136456177032,0.060001055794532916,0.08463163966937855
0.04149009792797294,0.05552792013032833,-0.0,-0.08808375509213406,0.060441228030082485,0.08502353254132765
0.041688343976584705,0.055367340456061065,-0.0,-0.08928314784545943,0.061182415861598165,0.0851842355834724
0.041744310677298085,0.055422242916862215,-0.0,-0.09074950480115924,0.06304637809611988,0.08359977279601663
0.04174707181140919,0.0558919755361803,-0.0,-0.0920951379766879,0.06382788773771994,0.0821375519080873
0.04162417761166212,0.05612810273950114,-0.0,-0.09395240724726531,0.06484554348095187,0.07769435569144856
0.04163744801632634,0.05630626770165634,-0.0,-0.09533405865007209,0.0651798936232448,0.07251052784995562
0.04168531024739709,0.05631688857331892,-0.0,-0.0963911716831013,0.06545306253538032,0.0663485836232227
0.0416793779536937,0.05635663338032237,-0.0,-0.09724717918880996,0.06526973275833811,0.06029125342023118
0.04154249841650268,0.05622943052306275,-0.0,-0.09753295408320777,0.06398072257506646,0.05457159989269575
0.04150353307971272,0.05648591672863932,-0.0,-0.0973732109879901,0.06260435660136619,0.049606966133317186
0.04154575840299294,0.056682002155673886,-0.0,-0.09646018504161388,0.06161624665604444,0.04551566710856421
0.04164741785135996,0.05670060765634896,-0.0,-0.09572466355829048,0.06079963691201757,0.04124549132320922
0.0418060171660165,0.056772827063838224,-0.0,-0.0945700957142644,0.060388615894405924,0.038842439984681884
0.04193009690263723,0.05652894080824006,-0.0,-0.09332545108957269,0.05950074980114716,0.0362293671332622
0.04201777369198959,0.05637049456814465,-0.0,-0.0923442983043906,0.0578601230599361,0.034803037380608415
0.042139507994349956,0.0563815132158168,-0.0,-0.09057911496448011,0.05652994001595187,0.03471438764618526
0.042200230269405246,0.05652416521860177,-0.0,-0.08970689216148328,0.05519474594438739,0.033522802429708606
0.04199378978672377,0.056512271161435944,-0.0,-0.08866908619386839,0.05404865294518813,0.031518372240679306
0.041689485875619346,0.05680472046908542,-0.0,-0.08881980280956829,0.05407600137576964,0.026625096553052674
0.04143571811244799,0.057206448817517054,-0.0,-0.08936422454164133,0.05398889939838538,0.020667375846211304
0.04121814315626261,0.05727785372277473,-0.017296017780475553,-0.08968060917576363,0.05416902622289175,0.0
0.04117926511435392,0.05712542391348441,-0.01748526647036479,-0.08862236993115069,0.05395636979612741,0.0
0.041352304326206624,0.05698445664358871,-0.017623935827638215,-0.08812995112462937,0.05389249331070795,0.0
0.04143026067838451,0.05696698953871312,-0.017796731684613792,-0.08712657989571414,0.05325158956188198,0.0
0.041313568125369515,0.05704465730971423,-0.01776793104493073,-0.08616379256440215,0.05218122881923882,-0.0
0.04119003275878336,0.05744732666348811,-0.017662560854071432,-0.08439530885986447,0.05087686054456012,-0.0
0.04111990293700475,0.05758849937976859,-0.017687070123228073,-0.08191694765388831,0.04940929528875063,-0.0
0.0411856486757676,0.0574446524986601,-0.018150249784540627,-0.0794898732314494,0.04781474015534511,-0.0
0.041537736679612906,0.05740034101458186,-0.018884411514682415,-0.07681266278146372,0.045118059863617575,-0.0
0.04192783941360374,0.05721164228489208,-0.019489555984922732,-0.07428151928016016,0.042479369020339275,-0.0
0.042048286769407424,0.05713600965832682,-0.019771104136008053,-0.07176966617065131,0.0399591427726802,-0.0
0.04188291250081916,0.05717664858679607,-0.019922642425196587,-0.06914138075917511,0.03772552135462434,-0.0
0.041659292068823996,0.05737240932228974,-0.020158235729250292,-0.06765422480517297,0.036307999448365,0.0
0.041418477127533986,0.057688854362928824,-0.020372575949730902,-0.06552698506113268,0.03507772649148577,0.0
0.04137729467426077,0.057967489376597424,-0.02065640934757712,-0.06434864659958064,0.03446676333963875,0.0
0.04140416063454663,0.05805901441212224,-0.021090333060169286,-0.06350134786571277,0.033373562120793614,0.0
0.041377234729037565,0.0581650814260279,-0.02122692746082899,-0.06317237064009436,0.033532267364602006,0.0
0.04149043143088941,0.058162766707243824,-0.021481057570265596,-0.06253102050144102,0.03324777546539378,-0.0
0.04154214286194644,0.05790738606502337,-0.021652345569265076,-0.0628374144529253,0.03260514796314845,-0.0
0.04145020880899501,0.05781093925400467,-0.021895430315464818,-0.06326147349185107,0.03293570271916122,-0.0
0.04105414681595061,0.0580961443794188,-0.022073171855143504,-0.06293053003575484,0.032812116089992634,-0.0
0.040723952411851824,0.05834920977530542,-0.022334252929046467,-0.0625941900232807,0.03274448125068193,-0.0
0.04071456865862516,0.05813624681071705,-0.023043548998066286,-0.06131440763639283,0.031643068480921084,-0.0
0.041048172157550605,0.05759456163862972,-0.0,-0.05990986485070961,0.030373320478120466,-0.024584154968043826
0.04138176457879834,0.057098445530503195,-0.0,-0.05881918805796497,0.02911513792743577,-0.02770973556648504
0.04162683654939937,0.0571909088573751,-0.0,-0.05689413409857673,0.027791841304999444,-0.02962875556167594
0.04147349574670525,0.05756434897782765,-0.0,-0.05453024519907083,0.026037619720499183,-0.030632547626715866
0.04111261578156409,0.05810210645974867,-0.024997899706564145,-0.05283936618202947,0.0,-0.030762994997964623
0.04088802727207311,0.05851679968249853,-0.02523742844411431,-0.050582820153649136,0.0,-0.03095860187245656
0.04085640703166439,0.05863631162733273,-0.025320055843643545,-0.04837776396517881,0.0,-0.03035262926462418
0.040984039880443426,0.05834367588674399,-0.025693968825498688,-0.045485783608610234,0.0,-0.027270199388356085
0.04120186168193475,0.057948345808183185,-0.02650793561020583,-0.04177814203704854,0.0,-0.022677083205891325
0.0411156913899576,0.057575802495459384,-0.027121383308248814,-0.03853192343665588,0.0,-0.017915430747886377
0.040695508719635176,0.0576821206666503,-0.027304367383160284,-0.03544552609256445,0.0,-0.013410569428871246
0.04018018992859493,0.05841731094868222,-0.027559027677706363,-0.03456285493654388,0.0,-0.012749346383389202
0.039902296025966545,0.05919510636004316,-0.027977262498121,-0.03384799525950432,0.0,-0.01266475754447397
0.040196284267349634,0.05938899564279808,-0.02868827635789199,-0.033290348074920345,0.0,-0.01524144686999425
0.04076376060299288,0.05900307402252037,-0.02933027655208578,-0.0331068953681624,0.0,-0.019408521836778717
0.04120584412933313,0.058423118357325055,-0.029914148088878257,-0.031992116432711874,0.0,-0.022272812546921962
0.041212252165663384,0.05815280561090577,-0.030438159549178886,-0.030860835838303024,-0.0,-0.02436189522885465
0.04081236226773867,0.05852163445780757,-0.030875333271092455,-0.029117783337744327,-0.0,-0.02613794206728691
0.04011555219328526,0.059280003551521604,-0.03145064241699992,-0.027966681112526714,-0.0,-0.02756499457078061
0.03942970677473717,0.06007683590581912,-0.03164658863390586,-0.02717050596715238,-0.0,-0.029796031761643256
0.03898224069087253,0.060324235408035956,-0.031636785294870635,-0.02599790369897709,-0.0,-0.0325477498307916
0.039289524971254174,0.0598175691348534,-0.031927727480224766,-0.024946150254610982,-0.0,-0.035698680417816576
0.040220680075911334,0.058875956166706295,-0.03241663369686236,-0.023804568699153518,-0.0,-0.03949136810489936
0.0410283544060923,0.05814505554338006,-0.03309619563656859,-0.022596755944873606,-0.0,-0.04088461883569418
0.04133771497946808,0.05786013832811404,-0.03359078218985899,-0.02135119362985244,-0.0,-0.041928074634163266
0.040887818953652635,0.05819740733086526,-0.03331291139974698,-0.019547271673074195,-0.0,-0.0422017028309023
0.04001891120483876,0.05909329274766907,-0.03291611705987297,-0.0,-0.01911751482737994,-0.0419317416916746
0.03912757367026763,0.05989216871587118,-0.03263657545743774,-0.0,-0.020353194990101228,-0.04394852199973419
0.038685958193035976,0.060330529016227215,-0.032425384128539056,-0.0,-0.02172572562186048,-0.047751546623140295
0.039175351638635524,0.059996428586919226,-0.032586927927836164,-0.0,-0.02247499616042338,-0.05429726225754995
0.04013128361872011,0.058608590982179305,-0.033260620654235004,-0.0,-0.0228937632370915,-0.060544381891566135
0.041056235510891596,0.057583039807865256,-0.033905456465300174,-0.0,-0.022979610613233798,-0.06642940020330469
0.04131025932433003,0.05744469926444377,-0.03435277196450602,-0.0,-0.02300461029504298,-0.0715362934833686
0.04084702126769291,0.05819464229002907,-0.034576973174941295,-0.0,-0.022939420486417204,-0.07607759997808411
0.039842503259331995,0.059281955077371606,-0.03494453779045437,-0.0,-0.02325285224671889,-0.08043897043384388
0.03886977096380726,0.06059237623978783,-0.0355556451546778,-0.0,-0.024209026456357644,-0.08274304340040725
0.038193400202848185,0.06114646416606865,-0.03607999500865657,-0.0,-0.024607698899496523,-0.08350894077973091
0.03834436628300585,0.06061072819986256,-0.036894985001938684,-0.0,-0.02669123494318121,-0.08134469035725012
0.03927419428460841,0.05940176681016793,-0.037908466473577235,-0.0,-0.028702476840498085,-0.07853736090232456
0.040312954433124666,0.05808365992600701,-0.03841747767529227,-0.0,-0.03005338894137341,-0.07826415275854373
0.04091952848844009,0.057249351483818205,-0.03873046116885136,-0.0,-0.03159794871075286,-0.07786191080698429
0.04085820920335804,0.05733195244660151,-0.03919897047218277,-0.0,-0.03171209977140897,-0.08055986646238449
0.040152916143489925,0.05810922134502595,-0.03917366154354773,-0.0,-0.03134283838222612,-0.08382643958105193
0.039094759504540506,0.05935012177123854,-0.03940811132731287,0.0,-0.03134092272675131,-0.08776965957445831
0.03800905822205822,0.06039690899048181,-0.039140727413394576,0.0,-0.03175089919832021,-0.09204791734716572
0.03751914976592477,0.06111515805942167,-0.039227333553850205,0.0,-0.03288755415825164,-0.09319572561133484
0.037756814354414615,0.06101185460901946,-0.03981822238345562,0.0,-0.03432100053950376,-0.0932378060949593
0.03857151722276969,0.059806583510714065,-0.04021764183891623,0.0,-0.037191048564586014,-0.09494458942249807
0.03953815332112506,0.05801476068342639,-0.04058561075236888,0.0,-0.03993982591693931,-0.09506766953098728
0.04045299948684369,0.05670379436659246,-0.04152035949034091,0.0,-0.04191464657343889,-0.0980757094066195
0.040759430599633086,0.05601401214313831,-0.04198987467699441,0.0,-0.04354081570899591,-0.10003836649807361
0.04043715849034719,0.05663827947751174,-0.0420451668016006,0.0,-0.04590688082006624,-0.09909744026115165
0.03950954017387115,0.05805633786368528,-0.04186697454629825,0.0,-0.047675230316091236,-0.09769645726540052
0.03843242621398402,0.059815559079956664,-0.041303858559103596,0.0,-0.05080956171080564,-0.09133546978124718
0.037564513028184914,0.06082072989599013,-0.041115160756039,0.0,-0.054241323711375376,-0.08538014970224692
0.03729817121492357,0.06071976661186467,-0.04085913736054894,0.0,-0.05693694914463285,-0.08282878331256019
0.03747249911356929,0.05985971978390919,-0.041204936993674855,0.0,-0.05951362864507988,-0.08038724700220587
0.038072647808842126,0.059229798111214295,-0.04236504090072099,0.0,-0.060882078089098554,-0.08218967012828862
0.03852963484402149,0.05882083662718149,-0.04372240234043089,0.0,-0.06277392267713934,-0.08426873321789444
0.038711393239206277,0.058553624476268835,-0.044726511888942715,0.0,-0.06417338257891271,-0.0846584115527119
0.03894622189226826,0.05814316290580924,-0.045328740776543114,0.0,-0.06538015728298614,-0.08364047622303673
0.039329616083785005,0.057656796419725646,-0.04589691165452405,0.0,-0.06709064741009867,-0.07892658044457646
0.03973924568522337,0.05709682293308195,-0.04610188274607236,0.0,-0.068719128836733,-0.07293702436516147
0.039659531876416305,0.056925480913143124,-0.04588101031274521,0.0,-0.0696325589565099,-0.06752060133433326
0.03898918080222258,0.057519748762216404,-0.044887116321607315,0.0,-0.07013814451977193,-0.06276941641646726
0.038064646548739464,0.05899549659457805,-0.0439026185645333,0.0,-0.07061186575781683,-0.059762526999713086
0.036998314060352665,0.06026639563034031,-0.04272300785085085,0.0,-0.07224888052588965,-0.056970247117783396
0.0,0.060825430237989093,-0.0422741716544408,0.037677737545272844,-0.07403970560114172,-0.055869409082493236
0.0,0.06071856917433674,-0.04236390426555619,0.03856219723011996,-0.07575842736292131,-0.05443371346144499
0.0,0.06026574766486225,-0.04280397735945343,0.03916482324692065,-0.0768275688143799,-0.05409987182573445
0.0,0.05949273959505645,-0.04313665122411737,0.03986014802390327,-0.07745355666473153,-0.053631998969331796
0.0,0.05887173276616936,-0.04433863029986413,0.0411727760892882,-0.07714609814087922,-0.05281316233558105
0.0,0.058463998193067496,-0.0453963888928791,0.043087140772032115,-0.07676643797525594,-0.05088919800442197
0.0,0.058257095504624185,-0.04625475721721588,0.04656670507273663,-0.07738818690532119,-0.045696159068719995
0.0,0.05794312179398809,-0.04688017137512976,0.04865867417857795,-0.07863742835260702,-0.04031357430203401
0.03849966125092266,0.05772148237753549,-0.0471177067759017,0.05027983259544874,-0.08030580940409533,-0.0
0.03851791054780023,0.0576526819351595,-0.04696811473963922,0.051866976635771764,-0.08026691437432312,-0.0
0.03843702836315079,0.0575505677752844,-0.04653875021985858,0.053434485269549324,-0.07897073152714347,-0.0
0.03842739200826837,0.05745703770836601,-0.046023194582527835,0.05703168247792199,-0.07695335066863206,-0.0
0.038340699416451504,0.05781919120740513,-0.04579662952051235,0.061521078373681266,-0.07280307515220949,-0.0
0.038059916816141535,0.05829201054167247,-0.045128133576892125,0.06390955345225957,-0.06883545966499018,-0.0
0.03777560649809639,0.05867429325726138,-0.04355051102349318,0.06687673436948659,-0.06525194353250512,0.0
0.03750198307087458,0.058760808833584977,-0.04216737630402638,0.0695102828792812,-0.06173996503087313,0.0
0.0375356729271716,0.058626711609988065,-0.04090294140420299,0.07171578999732674,-0.058172693681245224,0.0
0.0379324143803107,0.058307836404716165,-0.040395515989245886,0.07461083939626716,-0.055849817172579634,0.0
0.03847526145277016,0.05804493413476573,-0.04085851488247918,0.07761001649320033,-0.05423584498958532,0.0
0.0,0.05765104046510265,-0.04093237670943847,0.07991233279374726,-0.05364082357541884,0.045116867452463474
0.0,0.05784086322322796,-0.040721053025052974,0.08203772053532664,-0.05254284780097182,0.050471790564830726
0.0,0.05823235606003377,-0.04069017727852765,0.0845648640141779,-0.05093963284570286,0.05448639143753098
0.0,0.05852590422813862,-0.04095010132774397,0.08698026328204574,-0.04981478625166333,0.058837813743337755
0.0,0.058559695950623034,-0.04162710407381054,0.08879820204702069,-0.04880062202780849,0.06554974832207286
0.0,0.05822493246132673,-0.04219704053072318,0.09151188403731139,-0.046151763587507486,0.07280549254252335
0.0,0.057900789659091755,-0.04235549070757771,0.0943042066894149,-0.044134411146733214,0.08080389926322333
0.0,0.05772439074290124,-0.042109345443756586,0.09664287836770345,-0.04142846903663787,0.08939065967666131
0.03899039719209987,0.05757805729741236,-0.04118326408185825,0.09800481474814363,-0.0,0.09576932905702047
0.03903449788074359,0.05781090685946525,-0.040310871969766064,0.09955555071390752,-0.0,0.0991523712471832
0.03912004922274584,0.05770023452048223,-0.039138178559530765,0.1007766680634749,-0.0,0.10119723628253825
0.039417296367039695,0.0575447632485083,-0.038259893061107324,0.10046926438476965,-0.0,0.09765285346905138
0.03971834925010795,0.05708720055775673,-0.03759681826841019,0.10130578079220724,-0.0,0.09429843467994393
0.040225832186602944,0.056488444953521094,-0.036979281510952935,0.10357690913132811,-0.0,0.09586790869691261
0.0405548596397265,0.05598966245199094,-0.03543687646412119,0.10550716390868627,-0.0,0.09767221802659329
0.04090938569158988,0.05556899263960586,-0.033284296325510374,0.10876772093572931,0.0,0.10356162534084104
0.04100491786947412,0.05511966269585632,-0.031224831477474242,0.11227630469325556,0.0,0.10878798657875495
0.04120661148553135,0.05488623334518902,-0.029609963308839835,0.11487613246988583,0.0,0.10817275735919465
0.04151605406778546,0.054165879201151707,-0.027918094852822872,0.11705872582905613,0.0,0.10529595561348201
0.04180332067318992,0.053246504905908924,-0.0,0.11729409103735317,0.03323315860464683,0.09691248530652527
0.042225902137286025,0.05236513622248582,-0.0,0.11683715713343774,0.03994985100526793,0.08837543219146964
0.0425451532061526,0.05165840503000255,-0.0,0.11556587062589177,0.047975798026370704,0.08396931988322899
0.04276035986982872,0.05104766980780634,-0.0,0.11562836512888994,0.05607895835526101,0.08203883608257931
0.04307678223727975,0.05057091876613197,-0.0,0.11933918216004068,0.062412134711607926,0.0891053234412047
0.04331596065915415,0.049987199870211434,-0.0,0.12297260223661975,0.06771655803078741,0.09593517506346813
0.04349535531917113,0.049296421606341435,-0.0,0.12428013684821002,0.07062099094005114,0.09835018359034832
0.04391884494345957,0.048470309879709225,-0.0,0.12493970289200083,0.07206157350399402,0.0980948520568152
0.04427840613086638,0.04721616078885017,-0.0,0.12329074910830405,0.07304016321192361,0.09565994141273286
0.04435981554368669,0.04633459921343594,-0.0,0.1214456526714496,0.07414910965245848,0.09372224952961303
0.044188460350281095,0.04560970407951082,-0.0,0.12029890092166652,0.07521291507072876,0.09248120847703115
0.04394880592469434,0.04485029096093499,-0.0,0.11902259438762977,0.07636115405707762,0.09355783221702206
0.0434011374281709,0.0441683622050976,-0.0,0.11827320690127861,0.07659787855399013,0.09754788221477774
0.04273208767507415,0.04300885602448899,0.0,0.11632067314241054,0.07620841919638527,0.10164336185623214
0.04255989618672522,0.042342629332035364,0.0,0.11309611981971278,0.07339671189442804,0.10073807531323532
0.04255063368226306,0.04142372375269431,0.0,0.10838644325983192,0.06935493485306084,0.09767677446627236
